{"firstHalf":[[13,1,3,11,14,0],[3,11,14,0],[3,11,14,0],[3,11,14,0],[3,11,14,0],[3,11,14,0],[3,11,14,0],[3,11,14,0],[3,11,14,0],[3,11,14,0],[3,11,14,0],[3,11,14,0],[3,11,14,0],[3,11,14,0],[3,11,14,0],[3,11,14,0],[3,11,14,0],[3,11,14,0],[3,11,14,0],[3,11,14,0],[3,11,14,0],[3,11,14,0],[3,11,14,0],[3,11,14,0],[3,11,14,0],[3,11,14,0],[3,11,14,0],[3,11,14,0],[3,11,14,0],[3,11,14,0],[3,11,14,0],[3,11,14,0],[3,11,14,0],[3,11,14,0],[3,11,14,0],[3,11,14,0],[3,11,14,0],[3,11,14,0],[3,11,14,0],[3,11,14,0],[3,11,14,0],[3,11,14,0],[3,11,14,0],[3,11,14,0],[3,11,14,0],[3,11,14,0],[3,11,14,0],[3,11,14,0],[3,11,14,0],[0],[3,11,14,0],[3,11,14,0],[3,11,14,0],[3,11,14,0],[3,11,14,0],[3,11,14,0],[3,11,14,0],[3,11,14,0],[3,11,14,0],[3,11,14,0],[3,11,14,0],[3,11,14,0],[3,11,14,0],[3,11,14,0],[3,11,14,0],[3,11,14,0],[3,11,14,0],[3,11,14,0],[3,11,14,0],[3,11,14,0],[3,11,14,0],[3,11,14,0],[13,1,3,11,14,0],[3,11,14,0],[120,0]],"secondHalf":[[13,1,3,11,14,0],[3,11,14,0],[3,11,14,0],[3,11,14,0],[3,11,14,0],[3,11,14,0],[3,11,14,0],[3,11,14,0],[3,11,14,0],[3,11,14,0],[3,11,14,0],[3,11,14,0],[3,11,14,0],[3,11,14,0],[3,11,14,0],[3,11,14,0],[3,11,14,0],[3,11,14,0],[3,11,14,0],[3,11,14,0],[3,11,14,0],[3,11,14,0],[3,11,14,0],[3,11,14,0],[3,11,14,0],[3,11,14,0],[3,11,14,0],[3,11,14,0],[3,11,14,0],[3,11,14,0],[3,11,14,0],[3,11,14,0],[3,11,14,0],[3,11,14,0],[3,11,14,0],[3,11,14,0],[3,11,14,0],[3,11,14,0],[3,11,14,0],[3,11,14,0],[3,11,14,0],[3,11,14,0],[3,11,14,0],[3,11,14,0],[3,11,14,0],[3,11,14,0],[3,11,14,0],[3,11,14,0],[3,11,14,0],[0],[3,11,14,0],[3,11,14,0],[3,11,14,0],[3,11,14,0],[3,11,14,0],[3,11,14,0],[3,11,14,0],[3,11,14,0],[3,11,14,0],[3,11,14,0],[3,11,14,0],[3,11,14,0],[3,11,14,0],[3,11,14,0],[3,11,14,0],[3,11,14,0],[3,11,14,0],[3,11,14,0],[3,11,14,0],[3,11,14,0],[3,11,14,0],[3,11,14,0],[13,1,3,11,14,0],[3,11,14,0],[120,0],[3,11,14,0],[3,11,14,0]],"firstN":6.697799863260432e+198,"secondN":1.4296051940137596e+204}